accuracy,balanced_accuracy,macro_f1,weighted_f1,log_loss,brier_score,mean_entropy,mean_confidence,mean_margin,thickness_mae,thickness_rmse,contact_mae,transition_count_error,accuracy_at_60,macro_f1_at_60,accuracy_at_70,macro_f1_at_70,accuracy_at_80,macro_f1_at_80,accuracy_at_90,macro_f1_at_90,accuracy_at_100,macro_f1_at_100,Validation,SplitLabel,Model,n_samples,geo_strength
0.9284578696343402,0.8564727687111948,0.8517981278646528,0.9256642832777864,0.289304430161136,0.12526588625955104,0.0937962457537651,0.968481719493866,0.9408209323883057,2.2857142857142856,3.585685828003181,0.5199335548172758,13.0,0.9894179894179894,0.7028571428571428,0.9841269841269841,0.7012987012987013,0.9761904761904762,0.7321428571428571,0.9594356261022927,0.745264339337101,0.9284578696343402,0.7301126810268453,BlindWell,Blind_Well_01,XGBoost,629,
0.9236883942766295,0.8431192166479654,0.8395027933155634,0.920806311150699,0.2541145507313168,0.12326968749970384,0.11914227157831192,0.960498034954071,0.9286494255065918,2.4285714285714284,3.6351458999998494,0.5019132653061225,7.0,1.0,0.7142857142857143,0.9909297052154195,0.7047619047619048,0.9801587301587301,0.7402151558297738,0.9576719576719577,0.7511099864468426,0.9236883942766295,0.7195738228419115,BlindWell,Blind_Well_01,GradientBoosting,629,
0.9220985691573926,0.8287147502688855,0.8359889149754719,0.9188273326567478,0.25128848810347915,0.1237991176156761,0.2684329152107239,0.9076785445213318,0.8368141055107117,3.5714285714285716,4.743416490252569,0.5829899267399268,17.0,0.9841269841269841,0.7016806722689076,0.9795918367346939,0.6967443515388722,0.9722222222222222,0.6917009533004154,0.9559082892416225,0.733354469826673,0.9220985691573926,0.7165619271218331,BlindWell,Blind_Well_01,RandomForest,629,
0.9220985691573926,0.8287147502688855,0.8359889149754719,0.9188273326567478,0.25128848810347915,0.12379911761563094,0.2684329152107239,0.9076785445213318,0.8368141055107117,3.5714285714285716,4.743416490252569,0.5829899267399268,17.0,0.9841269841269841,0.7016806722689076,0.9795918367346939,0.6967443515388722,0.9722222222222222,0.6917009533004154,0.9559082892416225,0.733354469826673,0.9220985691573926,0.7165619271218331,BlindWell,Blind_Well_01,ProbabilisticEnsemble,629,
0.9220985691573926,0.8287147502688855,0.8359889149754719,0.9188273326567478,0.25128848810347915,0.12379911761558579,0.2684329152107239,0.9076785445213318,0.8368141055107117,3.5714285714285716,4.743416490252569,0.5829899267399268,17.0,0.9841269841269841,0.7016806722689076,0.9795918367346939,0.6967443515388722,0.9722222222222222,0.6917009533004154,0.9559082892416225,0.733354469826673,0.9220985691573926,0.7165619271218331,BlindWell,Blind_Well_01,HybridFusion,629,
0.918918918918919,0.8254122662730938,0.830727120852944,0.9157560830738176,0.23307592093549057,0.11727424799842069,0.18867090344429016,0.9351350665092468,0.882439136505127,3.4285714285714284,4.613644360558612,0.6190476190476191,20.0,0.9894179894179894,0.7047619047619048,0.9841269841269841,0.7012987012987013,0.9821428571428571,0.6971337552778175,0.9629629629629629,0.7269192134337382,0.918918918918919,0.712051817873952,BlindWell,Blind_Well_01,GeoConstrainedEnsemble,629,0.1
0.918918918918919,0.8254122662730938,0.830727120852944,0.9157560830738176,0.23307592093549057,0.11727424799842069,0.18867090344429016,0.9351350665092468,0.882439136505127,3.4285714285714284,4.613644360558612,0.6190476190476191,20.0,0.9894179894179894,0.7047619047619048,0.9841269841269841,0.7012987012987013,0.9821428571428571,0.6971337552778175,0.9629629629629629,0.7269192134337382,0.918918918918919,0.712051817873952,BlindWell,Blind_Well_01,GeoConstrainedHybrid,629,0.1
0.8569157392686805,0.6925577008493503,0.6530996970503629,0.8375541210115768,0.45231414181955587,0.22715064433504667,0.26496657729148865,0.9110836386680603,0.8460846543312073,7.285714285714286,11.051825964195109,10.814732142857142,40.0,0.9973544973544973,0.42424242424242425,0.9297052154195011,0.39135654261704683,0.9067460317460317,0.5620566425444474,0.8853615520282186,0.5925077622858532,0.8569157392686805,0.5597997403288825,BlindWell,Blind_Well_01,CNN_BiLSTM,629,
0.848966613672496,0.6610969725687322,0.6249151293311351,0.8235597635593394,0.48532922033978776,0.2418216963875781,0.27951398491859436,0.899372935295105,0.8320191502571106,11.428571428571429,14.385012041307835,15.403003246753247,45.0,0.9841269841269841,0.2670807453416149,0.9387755102040817,0.3956043956043956,0.9047619047619048,0.5150525413929784,0.8765432098765432,0.5441465048116949,0.848966613672496,0.5356415394266872,BlindWell,Blind_Well_01,CNN,629,
0.809220985691574,0.6599758817576403,0.5884384628216381,0.7967726860282883,0.5250885167978375,0.27191600607021277,0.4189050793647766,0.8652900457382202,0.7784014344215393,13.714285714285714,14.957081457098699,7.795535714285714,41.0,0.9444444444444444,0.39486356340288925,0.9115646258503401,0.5307612095933264,0.9027777777777778,0.5136222800509361,0.8606701940035273,0.5330212693084668,0.809220985691574,0.5043758252756898,BlindWell,Blind_Well_01,CNN_BiLSTM_Attention,629,
0.8956884561891516,0.7319552717885686,0.7304364030521295,0.8769031545902766,0.334672612647432,0.18449915773705255,0.31482917070388794,0.8883851170539856,0.7976434826850891,8.571428571428571,11.087315790062599,1.240270935960591,23.0,0.9305555555555556,0.6973443223443223,0.9146825396825397,0.6704078393145643,0.9201388888888888,0.6715631390556924,0.9197530864197531,0.6641927836753873,0.8956884561891516,0.6260883454732539,BlindWell,Blind_Well_02,GeoConstrainedEnsemble,719,0.1
0.8929068150208623,0.7283852068782974,0.725386981328159,0.8743889470828335,0.3287794034996327,0.18643110855550682,0.4388071298599243,0.8372470140457153,0.7181104421615601,8.714285714285714,11.077648022675469,1.197198275862069,18.0,0.9444444444444444,0.6919797366835463,0.9325396825396826,0.6907633083168718,0.9201388888888888,0.6727659469212741,0.9151234567901234,0.6574365895367072,0.8929068150208623,0.6217602697098507,BlindWell,Blind_Well_02,RandomForest,719,
0.8915159944367177,0.7261329546260452,0.7243111051242729,0.8728319751714496,0.3228808836942646,0.18284959798635725,0.4195919632911682,0.848194420337677,0.7361519932746887,8.857142857142858,11.414276774536102,1.2824933687002653,19.0,0.9398148148148148,0.6908501813501022,0.9305555555555556,0.688561218922921,0.9184027777777778,0.6686800771310976,0.9166666666666666,0.6600810172478121,0.8915159944367177,0.6208380901065196,BlindWell,Blind_Well_02,ProbabilisticEnsemble,719,
0.808066759388039,0.7123700024719986,0.6947979033116544,0.7859521603658296,0.6255809727525348,0.2890970886265059,0.32051214575767517,0.8913942575454712,0.8113893270492554,16.0,20.032117069489043,3.8723060344827585,42.0,0.9351851851851852,0.6415510886848467,0.9285714285714286,0.641057875125253,0.875,0.5959191579977228,0.8425925925925926,0.6065045431000483,0.808066759388039,0.595541059981418,BlindWell,Blind_Well_02,CNN_BiLSTM,719,
0.866481223922114,0.6885617686122183,0.6821632498833833,0.8474726110949345,0.3486930756443675,0.19954040152294958,0.4431861937046051,0.8357599973678589,0.7165315747261047,11.571428571428571,13.355041851568375,1.4047186932849365,20.0,0.9629629629629629,0.6758914554832922,0.9404761904761905,0.6893977096911186,0.9357638888888888,0.6805693231488564,0.8904320987654321,0.6004667313559792,0.866481223922114,0.5847113570428999,BlindWell,Blind_Well_02,HybridFusion,719,
0.866481223922114,0.6885617686122183,0.6821632498833833,0.8474726110949345,0.3486930756443675,0.1995404015231172,0.4431861937046051,0.8357599973678589,0.7165315747261047,11.571428571428571,13.355041851568375,1.4047186932849365,20.0,0.9629629629629629,0.6758914554832922,0.9404761904761905,0.6893977096911186,0.9357638888888888,0.6805693231488564,0.8904320987654321,0.6004667313559792,0.866481223922114,0.5847113570428999,BlindWell,Blind_Well_02,GeoConstrainedHybrid,719,0.0
0.8956884561891516,0.7269646593292128,0.6259255434261783,0.8788099254170051,0.3700466856732774,0.17731989432916367,0.14745281636714935,0.9503299593925476,0.9052771925926208,8.142857142857142,10.326802851941018,1.4328216989066442,17.0,0.9675925925925926,0.6803428989130168,0.9246031746031746,0.6708229713548862,0.921875,0.6644705263675174,0.9228395061728395,0.6610310474131976,0.8956884561891516,0.6259255434261783,BlindWell,Blind_Well_02,XGBoost,719,
0.8803894297635605,0.7089572463448314,0.6070182733403852,0.8633601739855271,0.5599251498842978,0.20648598362037018,0.11819467693567276,0.9582480192184448,0.9204434156417847,9.714285714285714,11.91937198729147,1.7669540229885057,13.0,0.8958333333333334,0.4411204481792717,0.9107142857142857,0.6560357575415612,0.9114583333333334,0.6392338975338824,0.9074074074074074,0.6354495381193396,0.8803894297635605,0.6070182733403852,BlindWell,Blind_Well_02,GradientBoosting,719,
0.7705146036161336,0.5496508133489928,0.5236263120036405,0.7226919793930455,0.8891423948457625,0.33974022792532993,0.27801233530044556,0.9003235697746277,0.8227508664131165,20.857142857142858,24.388229010851,4.300646551724138,34.0,0.9166666666666666,0.2745303550620542,0.8849206349206349,0.337451349827994,0.859375,0.468007273951049,0.8101851851851852,0.45851727328307584,0.7705146036161336,0.44882255314597763,BlindWell,Blind_Well_02,CNN_BiLSTM_Attention,719,
0.5132127955493742,0.48436550733393346,0.3495022123681059,0.545424597077208,1.7780528587185318,0.8012265175344726,1.9091473817825317,0.20673824846744537,0.0388062559068203,44.714285714285715,61.71883250446565,29.051724137931036,29.0,0.5300925925925926,0.27091133535642375,0.5178571428571429,0.26658206130899165,0.5381944444444444,0.3349934857902301,0.5370370370370371,0.32460127947348394,0.5132127955493742,0.29957332488694793,BlindWell,Blind_Well_02,CNN,719,
0.968365553602812,0.9284408793820559,0.9089608758689329,0.969925894211824,0.1492270730828417,0.07265834694914594,0.2969711124897003,0.8860212564468384,0.7978382110595703,1.4285714285714286,1.6903085094570331,2.4733883058470765,6.0,1.0,0.5714285714285714,1.0,0.7142857142857143,0.9978070175438597,0.8523152431910528,0.9980506822612085,0.8528282732146824,0.968365553602812,0.779109322173371,BlindWell,Blind_Well_03,RandomForest,569,
0.9226713532513181,0.9280974450386216,0.865184899474972,0.929698066012948,0.17639075381751915,0.10618725859312002,0.1485539972782135,0.9448199272155762,0.8974478244781494,5.142857142857143,8.434622525214577,3.4805900621118013,5.0,1.0,0.5714285714285714,1.0,0.8571428571428571,0.9978070175438597,0.8541313432589531,0.9707602339181286,0.8024272280877228,0.9226713532513181,0.7415870566928332,BlindWell,Blind_Well_03,XGBoost,569,
0.9226713532513181,0.9280974450386216,0.865184899474972,0.929698066012948,0.17490547903773587,0.10548588109100762,0.1503637731075287,0.9449570178985596,0.8980012536048889,5.142857142857143,8.434622525214577,3.4805900621118013,5.0,1.0,0.5714285714285714,1.0,0.8571428571428571,0.9978070175438597,0.8545905433324251,0.9707602339181286,0.8003308353330807,0.9226713532513181,0.7415870566928332,BlindWell,Blind_Well_03,ProbabilisticEnsemble,569,
0.9226713532513181,0.9280974450386216,0.865184899474972,0.929698066012948,0.17490547903773587,0.10548588109115672,0.1503637731075287,0.9449570178985596,0.8980012536048889,5.142857142857143,8.434622525214577,3.4805900621118013,5.0,1.0,0.5714285714285714,1.0,0.8571428571428571,0.9978070175438597,0.8545905433324251,0.9707602339181286,0.8003308353330807,0.9226713532513181,0.7415870566928332,BlindWell,Blind_Well_03,GeoConstrainedEnsemble,569,0.0
0.9226713532513181,0.9280974450386216,0.865184899474972,0.929698066012948,0.17490547903773587,0.10548588109105732,0.1503637731075287,0.9449570178985596,0.8980012536048889,5.142857142857143,8.434622525214577,3.4805900621118013,5.0,1.0,0.5714285714285714,1.0,0.8571428571428571,0.9978070175438597,0.8545905433324251,0.9707602339181286,0.8003308353330807,0.9226713532513181,0.7415870566928332,BlindWell,Blind_Well_03,HybridFusion,569,
0.9226713532513181,0.9280974450386216,0.865184899474972,0.929698066012948,0.17490547903773587,0.10548588109120643,0.1503637731075287,0.9449570178985596,0.8980012536048889,5.142857142857143,8.434622525214577,3.4805900621118013,5.0,1.0,0.5714285714285714,1.0,0.8571428571428571,0.9978070175438597,0.8545905433324251,0.9707602339181286,0.8003308353330807,0.9226713532513181,0.7415870566928332,BlindWell,Blind_Well_03,GeoConstrainedHybrid,569,0.0
0.9191564147627417,0.8897706476530006,0.8371891141753439,0.92403412141509,0.20641228942324222,0.11343995460553107,0.13878589868545532,0.9546891450881958,0.9179030060768127,5.285714285714286,7.874007874011811,3.8546583850931677,12.0,1.0,0.42857142857142855,0.9899749373433584,0.7042187842879086,0.9868421052631579,0.8417112801728186,0.9707602339181286,0.7775161765648023,0.9191564147627417,0.717590669293152,BlindWell,Blind_Well_03,GradientBoosting,569,
0.8945518453427065,0.8085564180706496,0.7665653995920346,0.9022619513027815,0.3564601680876851,0.18407351990363677,0.5634636282920837,0.80257648229599,0.6757920980453491,4.857142857142857,7.1614044911395895,2.0760869565217392,0.0,1.0,0.2857142857142857,0.9624060150375939,0.669185998061378,0.9429824561403509,0.6602934048410426,0.9278752436647173,0.6781631956052802,0.8945518453427065,0.6570560567931726,BlindWell,Blind_Well_03,CNN_BiLSTM_Attention,569,
0.8717047451669596,0.7169172943859851,0.6930558072797802,0.8769544257663534,0.3514670887741197,0.17809226670148467,0.37957844138145447,0.8698135614395142,0.7849975824356079,4.714285714285714,6.557438524302,7.4981884057971016,11.0,1.0,0.14285714285714285,0.9899749373433584,0.41935483870967744,0.9736842105263158,0.5591836734693877,0.9259259259259259,0.6035773369782286,0.8717047451669596,0.5940478348112402,BlindWell,Blind_Well_03,CNN_BiLSTM,569,
0.8471001757469244,0.6631752055660974,0.6200318482221685,0.8536643128593875,0.41714162666267773,0.21747572241335908,0.43481874465942383,0.8327093124389648,0.7268797755241394,9.428571428571429,11.795883059053152,5.516798418972332,12.0,1.0,0.2857142857142857,0.974937343358396,0.40418559042113955,0.9254385964912281,0.36842377617552696,0.8869395711500975,0.47154886783369754,0.8471001757469244,0.5314558699047158,BlindWell,Blind_Well_03,CNN,569,
0.950479233226837,0.9042331906838944,0.8924457605740774,0.9503615192390362,0.19077555521536307,0.09522377265001802,0.3669080436229706,0.868614912033081,0.7754554748535156,3.142857142857143,4.652188425123938,1.3836805555555554,12.0,1.0,0.5714285714285714,1.0,0.5714285714285714,0.9960079840319361,0.709170857831756,0.973404255319149,0.7704082702374514,0.950479233226837,0.7649535090634949,BlindWell,Blind_Well_04,RandomForest,626,
0.950479233226837,0.9042331906838944,0.8924457605740774,0.9503615192390362,0.19077555521536307,0.09522377265002727,0.3669080436229706,0.868614912033081,0.7754554748535156,3.142857142857143,4.652188425123938,1.3836805555555554,12.0,1.0,0.5714285714285714,1.0,0.5714285714285714,0.9960079840319361,0.709170857831756,0.973404255319149,0.7704082702374514,0.950479233226837,0.7649535090634949,BlindWell,Blind_Well_04,ProbabilisticEnsemble,626,
0.9456869009584664,0.8918436068362,0.8811230953830896,0.9453338632317295,0.16588855230872604,0.08502298862664726,0.3110519349575043,0.8882567882537842,0.8051802515983582,3.4285714285714284,5.331845030434721,0.5902777777777778,6.0,1.0,0.5714285714285714,1.0,0.5714285714285714,1.0,0.7142857142857143,0.9787234042553191,0.7877916816332304,0.9456869009584664,0.7552483674712197,BlindWell,Blind_Well_04,GeoConstrainedEnsemble,626,0.05
0.9616613418530351,0.925854966540963,0.7877689454641582,0.9633835433013197,0.12022276472810371,0.0629120003543668,0.13960829377174377,0.9501454830169678,0.9080215692520142,2.7142857142857144,4.38341028359036,0.6335470085470085,3.0,1.0,0.5714285714285714,1.0,0.7142857142857143,0.9940119760479041,0.6772565628406512,0.9822695035460993,0.814589075030056,0.9616613418530351,0.7877689454641582,BlindWell,Blind_Well_04,GradientBoosting,626,
0.952076677316294,0.9126036302575717,0.7747871361751635,0.9544786453167297,0.11390399224960437,0.06569140388144191,0.1299016773700714,0.9535761475563049,0.9134238958358765,3.0,4.503966505838413,0.8555555555555556,14.0,1.0,0.5714285714285714,1.0,0.5714285714285714,0.9960079840319361,0.7082170971455716,0.9840425531914894,0.8139392637384988,0.952076677316294,0.7747871361751635,BlindWell,Blind_Well_04,XGBoost,626,
0.8961661341853036,0.797771306654365,0.7666392378386871,0.8871529264473494,0.22987373558936627,0.12107431185803921,0.42461445927619934,0.8554575443267822,0.7615653872489929,7.285714285714286,12.360651855210318,1.1925505050505052,14.0,1.0,0.42857142857142855,1.0,0.7142857142857143,0.9940119760479041,0.7018126712129159,0.9397163120567376,0.6762829992643659,0.8961661341853036,0.6571193467188747,BlindWell,Blind_Well_04,HybridFusion,626,
0.8961661341853036,0.797771306654365,0.7666392378386871,0.8871529264473494,0.22987373558936627,0.1210743118580919,0.42461445927619934,0.8554575443267822,0.7615653872489929,7.285714285714286,12.360651855210318,1.1925505050505052,14.0,1.0,0.42857142857142855,1.0,0.7142857142857143,0.9940119760479041,0.7018126712129159,0.9397163120567376,0.6762829992643659,0.8961661341853036,0.6571193467188747,BlindWell,Blind_Well_04,GeoConstrainedHybrid,626,0.0
0.865814696485623,0.7487995801530114,0.7051034755314544,0.85460915904512,0.3034529265097623,0.1728043409370774,0.39907023310661316,0.8714548945426941,0.7930931448936462,8.714285714285714,13.760710114566866,7.798611111111111,26.0,1.0,0.14285714285714285,0.9886104783599089,0.6595918367346939,0.9540918163672655,0.6187220934138409,0.9131205673758865,0.6065619146673588,0.865814696485623,0.6043744075983895,BlindWell,Blind_Well_04,CNN_BiLSTM_Attention,626,
0.7763578274760383,0.6417959885946508,0.5509987505011045,0.7707962603489555,0.4973384183263957,0.2612790899381125,0.43591177463531494,0.852434515953064,0.7625651359558105,13.0,15.56552968214427,21.343954248366014,19.0,1.0,0.2857142857142857,0.9635535307517085,0.49648424077009123,0.9121756487025948,0.5228262194012508,0.8404255319148937,0.5064186006897315,0.7763578274760383,0.472284643286661,BlindWell,Blind_Well_04,CNN_BiLSTM,626,
0.6645367412140575,0.44087910323502166,0.3263702997303187,0.6602771441214168,1.3765803748463603,0.5265387769608428,1.6155247688293457,0.42147350311279297,0.27466678619384766,20.714285714285715,28.817157587599986,16.18923611111111,20.0,0.8803191489361702,0.35432416924207494,0.8451025056947609,0.33803016858917484,0.8023952095808383,0.30636217861899506,0.7322695035460993,0.2846623166735323,0.6645367412140575,0.27974597119741607,BlindWell,Blind_Well_04,CNN,626,
0.9705188679245284,0.803077327292054,0.7948845583007212,0.9692389000953012,0.11542934321163846,0.050611004593953395,0.08643996715545654,0.9757575392723083,0.95552659034729,1.7142857142857142,2.1213203435596424,0.4090505767524401,3.0,0.9980353634577603,0.5604395604395604,0.9932659932659933,0.7758145363408522,0.9911634756995582,0.8214910844112165,0.9895287958115183,0.8229789349406574,0.9705188679245284,0.7948845583007212,BlindWell,Blind_Well_05,XGBoost,848,
0.9705188679245284,0.8016067390567599,0.7948451921790382,0.9692973368983739,0.11955951523817568,0.05233039158918179,0.10722731798887253,0.9683806300163269,0.9424796104431152,1.4285714285714286,1.8322507626258087,0.4090505767524401,3.0,0.9980353634577603,0.5584415584415584,0.9966329966329966,0.8300889733883984,0.9911634756995582,0.8218219507852388,0.9882198952879581,0.820758418438024,0.9705188679245284,0.7948451921790382,BlindWell,Blind_Well_05,ProbabilisticEnsemble,848,
0.9705188679245284,0.8016067390567599,0.7948451921790382,0.9692973368983739,0.11955951523817568,0.05233039158918092,0.10722731798887253,0.9683806300163269,0.9424796104431152,1.4285714285714286,1.8322507626258087,0.4090505767524401,3.0,0.9980353634577603,0.5584415584415584,0.9966329966329966,0.8300889733883984,0.9911634756995582,0.8218219507852388,0.9882198952879581,0.820758418438024,0.9705188679245284,0.7948451921790382,BlindWell,Blind_Well_05,GeoConstrainedEnsemble,848,0.0
0.9705188679245284,0.7952794161142718,0.7894896281069649,0.969226199473229,0.1721877185509737,0.07915580875359644,0.3366696834564209,0.8900018334388733,0.8104983568191528,1.2857142857142858,1.7320508075688772,0.4001133786848073,4.0,1.0,0.2857142857142857,0.9966329966329966,0.8434484905073141,0.9882179675994109,0.8267857142857142,0.981675392670157,0.8134181373812254,0.9705188679245284,0.7894896281069649,BlindWell,Blind_Well_05,HybridFusion,848,
0.9705188679245284,0.7952794161142718,0.7894896281069649,0.969226199473229,0.1721877185509737,0.07915580875366725,0.3366696834564209,0.8900018334388733,0.8104983568191528,1.2857142857142858,1.7320508075688772,0.4001133786848073,4.0,1.0,0.2857142857142857,0.9966329966329966,0.8434484905073141,0.9882179675994109,0.8267857142857142,0.981675392670157,0.8134181373812254,0.9705188679245284,0.7894896281069649,BlindWell,Blind_Well_05,GeoConstrainedHybrid,848,0.0
0.9658018867924528,0.7960216930583274,0.7826799704245513,0.9648340932701093,0.1391584504162366,0.060116507715251344,0.11561669409275055,0.9645731449127197,0.9362179040908813,1.7142857142857142,1.8516401995451028,1.4861224489795917,1.0,0.9980353634577603,0.5396825396825397,0.9983164983164983,0.8441312008674438,0.9926362297496318,0.8207741278329515,0.9856020942408377,0.8133351777447667,0.9658018867924528,0.7826799704245513,BlindWell,Blind_Well_05,GradientBoosting,848,
0.9563679245283019,0.7496096989520445,0.7581993755690696,0.954136251297498,0.18773873043719747,0.08757268627597237,0.3790980577468872,0.8708239197731018,0.7772520780563354,3.0,3.6351458999998494,0.5698451794510908,9.0,0.9980353634577603,0.5428571428571428,0.9983164983164983,0.5604395604395604,0.9911634756995582,0.6414145658263306,0.981675392670157,0.7852023875314148,0.9563679245283019,0.7581993755690696,BlindWell,Blind_Well_05,RandomForest,848,
0.8136792452830188,0.593645807451245,0.549014083770042,0.8263387276092402,0.4451905771400488,0.2398093852211654,0.44775184988975525,0.843011200428009,0.7403411269187927,10.571428571428571,14.365136367509459,21.327357970215115,12.0,0.9882121807465619,0.4090909090909091,0.9545454545454546,0.655588528542452,0.9027982326951399,0.6016557093544886,0.8651832460732984,0.5880976309972997,0.8136792452830188,0.549014083770042,BlindWell,Blind_Well_05,CNN_BiLSTM_Attention,848,
0.7264150943396226,0.5388651804979147,0.5058680208912444,0.7599112696442192,1.1384063574899441,0.39946058073570356,0.4697454571723938,0.8257027268409729,0.6989946365356445,19.857142857142858,31.4154193260025,13.141875981161697,23.0,0.9469548133595285,0.4586160972102726,0.8804713804713805,0.5829389548601371,0.8159057437407953,0.5828078585354666,0.7670157068062827,0.5676150867843021,0.7264150943396226,0.5058680208912444,BlindWell,Blind_Well_05,CNN_BiLSTM,848,
0.4481132075471698,0.46414738940501327,0.28644596206137035,0.4834785179258831,1.7887607214941286,0.8130316059663985,1.9124635457992554,0.20048759877681732,0.02370954304933548,60.714285714285715,87.94519397248006,35.180719656283564,11.0,0.39096267190569745,0.26314929737882553,0.4057239057239057,0.29040856813100424,0.4374079528718704,0.31116024474731546,0.43586387434554974,0.29703895186170737,0.4481132075471698,0.28644596206137035,BlindWell,Blind_Well_05,CNN,848,
0.8952618453865336,0.7373139993121124,0.6413678462545752,0.9047001457213242,0.6200239709590363,0.18220224810809693,0.1285407394170761,0.9495662450790405,0.906175434589386,5.428571428571429,7.874007874011811,0.7925170068027211,14.0,0.9875518672199171,0.37612329327615207,0.9430604982206405,0.42186107089670344,0.940809968847352,0.6957474873648064,0.9307479224376731,0.7083988880543771,0.8952618453865336,0.6413678462545752,BlindWell,Blind_Well_06,GeoConstrainedEnsemble,802,0.4
0.885286783042394,0.724615641201415,0.621490614005187,0.8943693165379158,0.5399405137383947,0.19243732822046644,0.14109952747821808,0.947016716003418,0.9045135974884033,5.428571428571429,7.582875444051551,0.8850931677018633,6.0,0.941908713692946,0.4553056281906143,0.9377224199288257,0.6448851146772364,0.9345794392523364,0.646696337697909,0.9210526315789473,0.6806000134587137,0.885286783042394,0.621490614005187,BlindWell,Blind_Well_06,XGBoost,802,
0.8690773067331671,0.6791176219218168,0.6045228574400422,0.8765008469818132,0.513354438649805,0.20703395075268252,0.36878907680511475,0.8585051894187927,0.7596242427825928,5.857142857142857,6.6332495807108,0.780067155067155,15.0,0.946058091286307,0.5448769903937477,0.9448398576512456,0.6091615854189981,0.9330218068535826,0.6249316074255239,0.9196675900277008,0.6539505308237931,0.8690773067331671,0.6045228574400422,BlindWell,Blind_Well_06,RandomForest,802,
0.8678304239401496,0.7066324826033586,0.6000551982688302,0.8786005607388779,0.502679857099435,0.21470252369632567,0.3182004392147064,0.8758997917175293,0.7795461416244507,7.714285714285714,8.443086774735546,0.9285714285714286,9.0,0.9543568464730291,0.5189213755491592,0.9448398576512456,0.5891864336759828,0.9252336448598131,0.6228129493089348,0.9155124653739612,0.6341001857888932,0.8678304239401496,0.6000551982688302,BlindWell,Blind_Well_06,GeoConstrainedHybrid,802,0.05
0.8740648379052369,0.7098582890549715,0.5991269108906312,0.8863940281170691,0.4768256460419909,0.1972816777340446,0.27404162287712097,0.9050205945968628,0.8352498412132263,7.714285714285714,8.888194417315589,0.5581295581295581,11.0,0.941908713692946,0.40265780730897005,0.9395017793594306,0.6014908162424841,0.9314641744548287,0.6485485101871735,0.9196675900277008,0.6848250762642748,0.8740648379052369,0.5991269108906312,BlindWell,Blind_Well_06,ProbabilisticEnsemble,802,
0.8665835411471322,0.7045002864413118,0.5980139626369775,0.8775924089618999,0.4933829009064652,0.21872967157250925,0.3521629571914673,0.8636087775230408,0.7609431147575378,7.857142857142857,8.598172563316663,0.8438069216757742,2.0,0.9564315352697096,0.5190663639994858,0.9448398576512456,0.5898180760132151,0.9252336448598131,0.6274076340228467,0.9127423822714681,0.6271489098029275,0.8665835411471322,0.5980139626369775,BlindWell,Blind_Well_06,HybridFusion,802,
0.8703241895261845,0.6993547165567898,0.5925184396688085,0.8825859358950228,0.6326387010062061,0.21014567233316425,0.15542465448379517,0.9401520490646362,0.8911393284797668,7.571428571428571,8.803408430829505,1.9044146825396826,17.0,0.9356846473029046,0.5320995354562325,0.9395017793594306,0.667688006693174,0.926791277258567,0.6967587925053573,0.9141274238227147,0.6711125932776107,0.8703241895261845,0.5925184396688085,BlindWell,Blind_Well_06,GradientBoosting,802,
0.7531172069825436,0.4630072215839579,0.4452316430068928,0.7870315029281025,0.9047642097703031,0.37335937548766146,0.30420607328414917,0.8889592289924622,0.8058001399040222,15.714285714285714,18.558786906168503,7.831813576494428,16.0,0.8900414937759336,0.27073939231993943,0.8701067615658363,0.5317861805429202,0.8364485981308412,0.49485036864536275,0.8019390581717452,0.48005773214424935,0.7531172069825436,0.4452316430068928,BlindWell,Blind_Well_06,CNN_BiLSTM_Attention,802,
0.7194513715710723,0.39237151200205683,0.37298596943205947,0.7392782092733863,0.8816194998962782,0.3851800322669206,0.40237849950790405,0.8502635359764099,0.7407525181770325,13.571428571428571,16.630436812405996,7.948326432022084,17.0,0.9253112033195021,0.26791541710444833,0.8629893238434164,0.3067548173612376,0.8052959501557633,0.3687082972722503,0.7506925207756233,0.3649650112629557,0.7194513715710723,0.37298596943205947,BlindWell,Blind_Well_06,CNN_BiLSTM,802,
0.3653366583541147,0.338216966640582,0.1969837420751725,0.4442358740063289,1.7982275314500056,0.818380461810127,1.8527253866195679,0.22949811816215515,0.021556369960308075,55.42857142857143,80.83537061742925,32.92619047619048,28.0,0.22821576763485477,0.15106913315754777,0.304270462633452,0.20226536809067117,0.3146417445482866,0.1920587497208934,0.34349030470914127,0.19708979536565743,0.3653366583541147,0.1969837420751725,BlindWell,Blind_Well_06,CNN,802,
0.9674085850556439,0.8038855000851405,0.8002263445381127,0.9669662580676174,0.11979739452054185,0.058753218484807815,0.1957026720046997,0.9362432956695557,0.887894332408905,0.5,0.7012275935065296,0.7497773374471745,3.5,1.0,0.2857142857142857,1.0,0.8571428571428571,0.9950347567030785,0.8422053343076362,0.9920564872021183,0.839833143406357,0.9674085850556439,0.8002263445381127,RandomSplit,Random_70_30,HybridFusion,1258,
0.9674085850556439,0.8038855000851405,0.8002263445381127,0.9669662580676174,0.11979739452054185,0.058753218484869155,0.1957026720046997,0.9362432956695557,0.887894332408905,0.5,0.7012275935065296,0.7497773374471745,3.5,1.0,0.2857142857142857,1.0,0.8571428571428571,0.9950347567030785,0.8422053343076362,0.9920564872021183,0.839833143406357,0.9674085850556439,0.8002263445381127,RandomSplit,Random_70_30,GeoConstrainedHybrid,1258,0.0
0.9626391096979332,0.7925024674242832,0.7918397032251706,0.9621789069567745,0.10561378890325888,0.05458389293256047,0.09309325367212296,0.9695366621017456,0.9442705512046814,0.5714285714285714,0.745153603151655,0.7438140577384237,3.3333333333333335,1.0,0.7142857142857143,1.0,0.8571428571428571,0.997020854021847,0.85281309586258,0.9929390997352162,0.8426666815419475,0.9626391096979332,0.7918397032251706,RandomSplit,Random_70_30,ProbabilisticEnsemble,1258,
0.9626391096979332,0.7925024674242832,0.7918397032251706,0.9621789069567745,0.10561378890325888,0.054583892932536376,0.09309325367212296,0.9695366621017456,0.9442705512046814,0.5714285714285714,0.745153603151655,0.7438140577384237,3.3333333333333335,1.0,0.7142857142857143,1.0,0.8571428571428571,0.997020854021847,0.85281309586258,0.9929390997352162,0.8426666815419475,0.9626391096979332,0.7918397032251706,RandomSplit,Random_70_30,GeoConstrainedEnsemble,1258,0.0
0.9634340222575517,0.7943136907868553,0.7915753128723582,0.9630254347237143,0.1027069576171321,0.05439625132743245,0.08349008858203888,0.9728496670722961,0.95001620054245,0.5476190476190476,0.7528150587361447,0.8054414453803039,2.5,1.0,0.8571428571428571,1.0,0.8571428571428571,0.997020854021847,0.8503969292826821,0.9929390997352162,0.8434825175888736,0.9634340222575517,0.7915753128723582,RandomSplit,Random_70_30,XGBoost,1258,
0.9642289348171701,0.7856592502124187,0.7915545060454503,0.963223275144599,0.13590384682114628,0.06206630595381601,0.21163149178028107,0.9284005165100098,0.87530118227005,0.6666666666666666,0.8680611538414414,0.7440948547979799,3.6666666666666665,0.9986754966887417,0.851505940867643,0.9988649262202043,0.8535960591133005,0.997020854021847,0.8502393751494112,0.9876434245366285,0.8326423284067076,0.9642289348171701,0.7915545060454503,RandomSplit,Random_70_30,RandomForest,1258,
0.9602543720190779,0.7896213030333856,0.7855828825935596,0.9596228933466543,0.12424678192624493,0.06108577689834132,0.09121587872505188,0.9702823758125305,0.945610761642456,0.7619047619047619,0.9689718933069486,1.6165638635261796,3.1666666666666665,1.0,0.7142857142857143,0.9988649262202043,0.8548009367681499,0.9950347567030785,0.8460197292704634,0.9894086496028244,0.834044779990634,0.9602543720190779,0.7855828825935596,RandomSplit,Random_70_30,GradientBoosting,1258,
0.9308426073131956,0.7450679385711806,0.7305060967189075,0.9315380687239817,0.2058478875775607,0.10781616106013453,0.25907081365585327,0.9105345010757446,0.8470811247825623,0.9523809523809524,1.3276501953618534,1.96315060325477,9.166666666666666,0.9986754966887417,0.2816326530612245,0.9897843359818388,0.8192033439881977,0.9831181727904668,0.8054138319516627,0.9646954986760812,0.7756958337509295,0.9308426073131956,0.7305060967189075,RandomSplit,Random_70_30,CNN_BiLSTM_Attention,1258,
0.9228934817170111,0.7380982416320541,0.7251913901585371,0.923514305994355,0.21511843499203895,0.11234392380092849,0.17328715324401855,0.9385229349136353,0.8886337280273438,0.9285714285714285,1.3103208938726372,2.1314819198933783,8.666666666666666,1.0,0.2857142857142857,0.9931895573212258,0.6851342642320085,0.9821251241310824,0.8064343056731141,0.9629302736098853,0.7741672706111767,0.9228934817170111,0.7251913901585371,RandomSplit,Random_70_30,CNN_BiLSTM,1258,
0.9173290937996821,0.7165977504111168,0.7092610240643522,0.9175394000617922,0.22202755353355583,0.1201346704378834,0.22646380960941315,0.9107258319854736,0.843055784702301,0.9523809523809522,1.295716107527601,3.1342053972262307,9.333333333333334,1.0,0.5714285714285714,0.9886492622020431,0.782744428863742,0.9781529294935452,0.7870039996075163,0.9593998234774934,0.7619808124643771,0.9173290937996821,0.7092610240643522,RandomSplit,Random_70_30,CNN,1258,
